{"cameraMode":{"drawMode":0,"name":"Shaded","section":"Shading Mode"},"sceneLighting":false,"audioPlay":false,"sceneViewState":{"m_AlwaysRefresh":false,"showFog":true,"showSkybox":false,"showFlares":true,"showImageEffects":true,"showParticleSystems":true,"showVisualEffectGraphs":true,"m_FxEnabled":true},"in2DMode":false,"pivot":{"x":0.0016077160835266114,"y":1.0908067226409913,"z":-0.000033289194107055664},"rotation":{"x":0.27753913402557375,"y":0.19419042766094209,"z":-0.058162689208984378,"w":0.9394988417625427},"size":1.870418906211853,"orthographic":false}