{"cameraMode":{"drawMode":0,"name":"Shaded","section":"Shading Mode"},"sceneLighting":false,"audioPlay":false,"sceneViewState":{"m_AlwaysRefresh":false,"showFog":true,"showSkybox":false,"showFlares":true,"showImageEffects":true,"showParticleSystems":true,"showVisualEffectGraphs":true,"m_FxEnabled":true},"in2DMode":false,"pivot":{"x":-0.06239636614918709,"y":0.35445287823677065,"z":-0.022884909063577653},"rotation":{"x":0.08483915776014328,"y":-0.20904047787189485,"z":0.01613956317305565,"w":0.9746707081794739},"size":0.31601306796073916,"orthographic":false}