{"cameraMode":{"drawMode":0,"name":"Shaded","section":"Shading Mode"},"sceneLighting":false,"audioPlay":false,"sceneViewState":{"m_AlwaysRefresh":false,"showFog":true,"showSkybox":false,"showFlares":true,"showImageEffects":true,"showParticleSystems":true,"showVisualEffectGraphs":true,"m_FxEnabled":true},"in2DMode":false,"pivot":{"x":0.005101695656776428,"y":-0.17557823657989503,"z":0.19396528601646424},"rotation":{"x":0.028524110093712808,"y":-0.6598670482635498,"z":0.021182119846343995,"w":0.751386821269989},"size":1.2894043922424317,"orthographic":false}