{"cameraMode":{"drawMode":0,"name":"Shaded","section":"Shading Mode"},"sceneLighting":false,"audioPlay":false,"sceneViewState":{"m_AlwaysRefresh":false,"showFog":true,"showSkybox":false,"showFlares":true,"showImageEffects":true,"showParticleSystems":true,"showVisualEffectGraphs":true,"m_FxEnabled":true},"in2DMode":false,"pivot":{"x":-1.171220302581787,"y":1.1097753047943116,"z":2.021768093109131},"rotation":{"x":0.14135630428791047,"y":0.11502675712108612,"z":-0.016523171216249467,"w":0.9831176996231079},"size":2.0486271381378176,"orthographic":false}