{"cameraMode":{"drawMode":0,"name":"Shaded","section":"Shading Mode"},"sceneLighting":false,"audioPlay":false,"sceneViewState":{"m_AlwaysRefresh":false,"showFog":true,"showSkybox":false,"showFlares":true,"showImageEffects":true,"showParticleSystems":true,"showVisualEffectGraphs":true,"m_FxEnabled":true},"in2DMode":false,"pivot":{"x":0.006684303283691406,"y":1.1980376243591309,"z":0.0057713985443115238},"rotation":{"x":0.22498944401741029,"y":0.5220380425453186,"z":-0.14497458934783936,"w":0.8101145625114441},"size":3.216275691986084,"orthographic":false}