{"cameraMode":{"drawMode":0,"name":"Shaded","section":"Shading Mode"},"sceneLighting":true,"audioPlay":false,"sceneViewState":{"m_AlwaysRefresh":false,"showFog":true,"showSkybox":true,"showFlares":true,"showImageEffects":true,"showParticleSystems":true,"showVisualEffectGraphs":true,"m_FxEnabled":true},"in2DMode":false,"pivot":{"x":38.42561340332031,"y":5.502133369445801,"z":-5.869363307952881},"rotation":{"x":0.020933711901307107,"y":0.7406811118125916,"z":0.02311592735350132,"w":-0.6711609363555908},"size":0.5921927690505981,"orthographic":false}