{"cameraMode":{"drawMode":0,"name":"Shaded","section":"Shading Mode"},"sceneLighting":false,"audioPlay":false,"sceneViewState":{"m_AlwaysRefresh":false,"showFog":true,"showSkybox":false,"showFlares":true,"showImageEffects":true,"showParticleSystems":true,"showVisualEffectGraphs":true,"m_FxEnabled":true},"in2DMode":false,"pivot":{"x":-1.0287883281707764,"y":1.0580960512161255,"z":-0.3215944766998291},"rotation":{"x":-0.22447064518928529,"y":0.3658181428909302,"z":-0.09140301495790482,"w":-0.8985797166824341},"size":1.2936221361160279,"orthographic":false}