{"cameraMode":{"drawMode":0,"name":"Shaded","section":"Shading Mode"},"sceneLighting":false,"audioPlay":false,"sceneViewState":{"m_AlwaysRefresh":false,"showFog":true,"showSkybox":false,"showFlares":true,"showImageEffects":true,"showParticleSystems":true,"showVisualEffectGraphs":true,"m_FxEnabled":true},"in2DMode":false,"pivot":{"x":0.2652406692504883,"y":2.459376335144043,"z":-0.8772315979003906},"rotation":{"x":0.006413379218429327,"y":0.9675573110580444,"z":-0.2515970468521118,"w":0.024985309690237047},"size":11.075173377990723,"orthographic":false}