{"cameraMode":{"drawMode":0,"name":"Shaded","section":"Shading Mode"},"sceneLighting":false,"audioPlay":false,"sceneViewState":{"m_AlwaysRefresh":false,"showFog":true,"showSkybox":false,"showFlares":true,"showImageEffects":true,"showParticleSystems":true,"showVisualEffectGraphs":true,"m_FxEnabled":true},"in2DMode":false,"pivot":{"x":1.4670679569244385,"y":0.6290453672409058,"z":0.5385450124740601},"rotation":{"x":-0.10832951962947846,"y":-0.7378383874893189,"z":0.12476101517677307,"w":-0.6551913022994995},"size":3.497316598892212,"orthographic":false}