{"cameraMode":{"drawMode":0,"name":"Shaded","section":"Shading Mode"},"sceneLighting":false,"audioPlay":false,"sceneViewState":{"m_AlwaysRefresh":false,"showFog":true,"showSkybox":false,"showFlares":true,"showImageEffects":true,"showParticleSystems":true,"showVisualEffectGraphs":true,"m_FxEnabled":true},"in2DMode":false,"pivot":{"x":-0.18196190893650056,"y":0.4365009665489197,"z":-0.13846458494663239},"rotation":{"x":0.02765810303390026,"y":0.08127213269472122,"z":-0.0042025004513561729,"w":0.9968730211257935},"size":0.39108261466026308,"orthographic":false}