{"cameraMode":{"drawMode":0,"name":"Shaded","section":"Shading Mode"},"sceneLighting":false,"audioPlay":false,"sceneViewState":{"m_AlwaysRefresh":false,"showFog":true,"showSkybox":false,"showFlares":true,"showImageEffects":true,"showParticleSystems":true,"showVisualEffectGraphs":true,"m_FxEnabled":true},"in2DMode":false,"pivot":{"x":-0.002086639404296875,"y":7.3340253829956059,"z":-0.0070095062255859379},"rotation":{"x":-0.012336283922195435,"y":0.9612505435943604,"z":-0.0435827299952507,"w":-0.27193936705589297},"size":8.72717571258545,"orthographic":false}