{"cameraMode":{"drawMode":0,"name":"Shaded","section":"Shading Mode"},"sceneLighting":false,"audioPlay":false,"sceneViewState":{"m_AlwaysRefresh":false,"showFog":true,"showSkybox":false,"showFlares":true,"showImageEffects":true,"showParticleSystems":true,"showVisualEffectGraphs":true,"m_FxEnabled":true},"in2DMode":false,"pivot":{"x":-0.1742868572473526,"y":0.6478381752967835,"z":0.06664154678583145},"rotation":{"x":0.02254280261695385,"y":-0.9799772500991821,"z":0.13820196688175202,"w":0.14552190899848939},"size":0.6435779333114624,"orthographic":false}