{"cameraMode":{"drawMode":0,"name":"Shaded","section":"Shading Mode"},"sceneLighting":false,"audioPlay":false,"sceneViewState":{"m_AlwaysRefresh":false,"showFog":true,"showSkybox":false,"showFlares":true,"showImageEffects":true,"showParticleSystems":true,"showVisualEffectGraphs":true,"m_FxEnabled":true},"in2DMode":false,"pivot":{"x":-0.08961915969848633,"y":0.18147686123847962,"z":-0.42022931575775149},"rotation":{"x":0.07490012049674988,"y":-0.8095527291297913,"z":0.1021197959780693,"w":0.574218213558197},"size":0.6444377899169922,"orthographic":false}