{"cameraMode":{"drawMode":0,"name":"Shaded","section":"Shading Mode"},"sceneLighting":false,"audioPlay":false,"sceneViewState":{"m_AlwaysRefresh":false,"showFog":true,"showSkybox":false,"showFlares":true,"showImageEffects":true,"showParticleSystems":true,"showVisualEffectGraphs":true,"m_FxEnabled":true},"in2DMode":false,"pivot":{"x":0.022763339802622796,"y":2.3711466789245607,"z":-2.1268396377563478},"rotation":{"x":-0.25909653306007388,"y":0.6602602601051331,"z":-0.2612701952457428,"w":-0.6547311544418335},"size":3.2891108989715578,"orthographic":false}