{"cameraMode":{"drawMode":0,"name":"Shaded","section":"Shading Mode"},"sceneLighting":false,"audioPlay":false,"sceneViewState":{"m_AlwaysRefresh":false,"showFog":true,"showSkybox":false,"showFlares":true,"showImageEffects":true,"showParticleSystems":true,"showVisualEffectGraphs":true,"m_FxEnabled":true},"in2DMode":false,"pivot":{"x":1.8565267324447632,"y":2.1194419860839845,"z":0.4950833320617676},"rotation":{"x":0.19847948849201203,"y":-0.007356999441981316,"z":0.0014873413601890207,"w":0.9800825715065002},"size":3.4354054927825929,"orthographic":false}