{"cameraMode":{"drawMode":0,"name":"Shaded","section":"Shading Mode"},"sceneLighting":false,"audioPlay":false,"sceneViewState":{"m_AlwaysRefresh":false,"showFog":true,"showSkybox":false,"showFlares":true,"showImageEffects":true,"showParticleSystems":true,"showVisualEffectGraphs":true,"m_FxEnabled":true},"in2DMode":false,"pivot":{"x":0.5614188313484192,"y":1.0851625204086304,"z":-2.2523961067199709},"rotation":{"x":0.005949918646365404,"y":0.9939552545547485,"z":-0.07050058245658875,"w":0.08399248868227005},"size":3.881232738494873,"orthographic":false}