{"cameraMode":{"drawMode":0,"name":"Shaded","section":"Shading Mode"},"sceneLighting":false,"audioPlay":false,"sceneViewState":{"m_AlwaysRefresh":false,"showFog":true,"showSkybox":false,"showFlares":true,"showImageEffects":true,"showParticleSystems":true,"showVisualEffectGraphs":true,"m_FxEnabled":true},"in2DMode":false,"pivot":{"x":0.0016033649444580079,"y":1.0798667669296265,"z":-0.00004363059997558594},"rotation":{"x":0.46569332480430605,"y":0.18050120770931245,"z":-0.0985487774014473,"w":0.8611710667610169},"size":2.5440003871917726,"orthographic":false}