{"cameraMode":{"drawMode":0,"name":"Shaded","section":"Shading Mode"},"sceneLighting":false,"audioPlay":false,"sceneViewState":{"m_AlwaysRefresh":false,"showFog":true,"showSkybox":false,"showFlares":true,"showImageEffects":true,"showParticleSystems":true,"showVisualEffectGraphs":true,"m_FxEnabled":true},"in2DMode":false,"pivot":{"x":-0.8938067555427551,"y":1.3854312896728516,"z":2.1411776542663576},"rotation":{"x":-0.011411178857088089,"y":0.007098793983459473,"z":0.0013655208749696613,"w":-1.0003889799118043},"size":2.459916353225708,"orthographic":false}