{"cameraMode":{"drawMode":0,"name":"Shaded","section":"Shading Mode"},"sceneLighting":false,"audioPlay":false,"sceneViewState":{"m_AlwaysRefresh":false,"showFog":true,"showSkybox":false,"showFlares":true,"showImageEffects":true,"showParticleSystems":true,"showVisualEffectGraphs":true,"m_FxEnabled":true},"in2DMode":false,"pivot":{"x":-4.76837158203125e-7,"y":1.1020011901855469,"z":0.0015759468078613282},"rotation":{"x":-0.12042764574289322,"y":0.7290195822715759,"z":-0.13288407027721406,"w":-0.6605919599533081},"size":1.877756953239441,"orthographic":false}