{"cameraMode":{"drawMode":0,"name":"Shaded","section":"Shading Mode"},"sceneLighting":false,"audioPlay":false,"sceneViewState":{"m_AlwaysRefresh":false,"showFog":true,"showSkybox":false,"showFlares":true,"showImageEffects":true,"showParticleSystems":true,"showVisualEffectGraphs":true,"m_FxEnabled":true},"in2DMode":false,"pivot":{"x":0.11494052410125733,"y":0.5212197303771973,"z":-0.08195987343788147},"rotation":{"x":-0.15147094428539277,"y":-0.6527736186981201,"z":0.1382247656583786,"w":-0.7300539016723633},"size":0.5037401914596558,"orthographic":false}