{"cameraMode":{"drawMode":0,"name":"Shaded","section":"Shading Mode"},"sceneLighting":false,"audioPlay":false,"sceneViewState":{"m_AlwaysRefresh":false,"showFog":true,"showSkybox":false,"showFlares":true,"showImageEffects":true,"showParticleSystems":true,"showVisualEffectGraphs":true,"m_FxEnabled":true},"in2DMode":false,"pivot":{"x":1.0877408981323243,"y":1.1132272481918336,"z":0.5796966552734375},"rotation":{"x":-0.21982644498348237,"y":0.40851205587387087,"z":-0.1020682081580162,"w":-0.8799921870231628},"size":1.2936221361160279,"orthographic":false}