{"cameraMode":{"drawMode":0,"name":"Shaded","section":"Shading Mode"},"sceneLighting":false,"audioPlay":false,"sceneViewState":{"m_AlwaysRefresh":false,"showFog":true,"showSkybox":false,"showFlares":true,"showImageEffects":true,"showParticleSystems":true,"showVisualEffectGraphs":true,"m_FxEnabled":true},"in2DMode":false,"pivot":{"x":0.6279067993164063,"y":2.3466238975524904,"z":0.22054672241210938},"rotation":{"x":-0.03808266296982765,"y":-0.9117085933685303,"z":0.08504466712474823,"w":-0.40029966831207278},"size":6.596019744873047,"orthographic":false}