{"cameraMode":{"drawMode":0,"name":"Shaded","section":"Shading Mode"},"sceneLighting":false,"audioPlay":false,"sceneViewState":{"m_AlwaysRefresh":false,"showFog":true,"showSkybox":false,"showFlares":true,"showImageEffects":true,"showParticleSystems":true,"showVisualEffectGraphs":true,"m_FxEnabled":true},"in2DMode":false,"pivot":{"x":-0.6783308982849121,"y":1.8520792722702027,"z":1.197342038154602},"rotation":{"x":-0.09830290079116821,"y":0.023623915389180185,"z":-0.0005128897028043866,"w":-0.9953709840774536},"size":2.9696297645568849,"orthographic":false}