{"cameraMode":{"drawMode":0,"name":"Shaded","section":"Shading Mode"},"sceneLighting":false,"audioPlay":false,"sceneViewState":{"m_AlwaysRefresh":false,"showFog":true,"showSkybox":false,"showFlares":true,"showImageEffects":true,"showParticleSystems":true,"showVisualEffectGraphs":true,"m_FxEnabled":true},"in2DMode":false,"pivot":{"x":-1.4019217491149903,"y":0.5678588151931763,"z":2.2422094345092775},"rotation":{"x":-0.03193838894367218,"y":-0.12158295512199402,"z":0.005811864044517279,"w":-0.9925454258918762},"size":2.0534110069274904,"orthographic":false}