{"cameraMode":{"drawMode":0,"name":"Shaded","section":"Shading Mode"},"sceneLighting":false,"audioPlay":false,"sceneViewState":{"m_AlwaysRefresh":false,"showFog":true,"showSkybox":false,"showFlares":true,"showImageEffects":true,"showParticleSystems":true,"showVisualEffectGraphs":true,"m_FxEnabled":true},"in2DMode":false,"pivot":{"x":-1.8941993713378907,"y":2.609903573989868,"z":0.36955854296684267},"rotation":{"x":0.02937270514667034,"y":-0.6932074427604675,"z":0.02830549143254757,"w":0.7196078896522522},"size":3.635892629623413,"orthographic":false}