{"cameraMode":{"drawMode":0,"name":"Shaded","section":"Shading Mode"},"sceneLighting":true,"audioPlay":false,"sceneViewState":{"m_AlwaysRefresh":false,"showFog":true,"showSkybox":false,"showFlares":true,"showImageEffects":true,"showParticleSystems":true,"showVisualEffectGraphs":true,"m_FxEnabled":true},"in2DMode":false,"pivot":{"x":-5.960464477539063e-8,"y":-0.11511698365211487,"z":0.17675097286701203},"rotation":{"x":0.1708495020866394,"y":0.8220081925392151,"z":-0.32021990418434145,"w":0.4390159547328949},"size":0.5157840847969055,"orthographic":false}