{"cameraMode":{"drawMode":0,"name":"Shaded","section":"Shading Mode"},"sceneLighting":false,"audioPlay":false,"sceneViewState":{"m_AlwaysRefresh":false,"showFog":true,"showSkybox":false,"showFlares":true,"showImageEffects":true,"showParticleSystems":true,"showVisualEffectGraphs":true,"m_FxEnabled":true},"in2DMode":false,"pivot":{"x":-0.13236331939697267,"y":1.3315424919128419,"z":-0.021770000457763673},"rotation":{"x":0.1680421233177185,"y":0.1657090187072754,"z":-0.028652144595980645,"w":0.9713331460952759},"size":1.2589317560195923,"orthographic":false}