{"cameraMode":{"drawMode":0,"name":"Shaded","section":"Shading Mode"},"sceneLighting":false,"audioPlay":false,"sceneViewState":{"m_AlwaysRefresh":false,"showFog":true,"showSkybox":false,"showFlares":true,"showImageEffects":true,"showParticleSystems":true,"showVisualEffectGraphs":true,"m_FxEnabled":true},"in2DMode":false,"pivot":{"x":0.3713071644306183,"y":1.8298702239990235,"z":-1.9427578449249268},"rotation":{"x":0.13067932426929475,"y":0.8098944425582886,"z":-0.19717571139335633,"w":0.5367770791053772},"size":3.0115408897399904,"orthographic":false}