{"cameraMode":{"drawMode":0,"name":"Shaded","section":"Shading Mode"},"sceneLighting":false,"audioPlay":false,"sceneViewState":{"m_AlwaysRefresh":false,"showFog":true,"showSkybox":false,"showFlares":true,"showImageEffects":true,"showParticleSystems":true,"showVisualEffectGraphs":true,"m_FxEnabled":true},"in2DMode":false,"pivot":{"x":-0.00677654892206192,"y":0.9245527386665344,"z":-0.0018429793417453766},"rotation":{"x":-0.10459007322788239,"y":-0.1038980707526207,"z":-0.013877426274120808,"w":0.9895616769790649},"size":0.9346541166305542,"orthographic":false}